<?xml version="1.0" encoding="UTF-8" standalone="yes"?>
<addon id="repository.josh5" name="Josh.5" version="1.0.0" provider-name="Josh.5">
    <extension point="xbmc.addon.repository" name="Josh.5">
        <info compressed="false">https://raw.githubusercontent.com/Josh5/repository.josh5/master/repo/addons.xml</info>
        <checksum>https://raw.githubusercontent.com/Josh5/repository.josh5/master/repo/addons.xml.md5</checksum>
        <datadir zip="true">https://raw.githubusercontent.com/Josh5/repository.josh5/master/repo</datadir>
    </extension>
    <extension point="xbmc.addon.metadata">
        <summary>Josh.5 add-on repository</summary>
        <description>Download and install addons by Josh.5</description>
        <platform>all</platform>
    </extension>
</addon>
