<?xml version="1.0" encoding="UTF-8" standalone="yes"?>
<addon id="script.module.schedule"
       name="schedule"
       version="0.6.0"
       provider-name="Daniel Bader (mail@dbader.org)">
  <requires>
    <import addon="xbmc.python"
            version="3.0.0"/>
  </requires>
  <extension point="xbmc.python.module"
             library="lib"/>
  <extension point="xbmc.addon.metadata">
    <summary lang="en_GB">Job scheduling for humans.</summary>
    <description lang="en_GB">Job scheduling for humans.</description>
    <license>MIT</license>
    <platform>all</platform>
    <website>https://pypi.org/project/schedule/</website>
	  <source>https://pypi.org/project/schedule/</source>
    <assets>
      <icon>icon.png</icon>
    </assets>
  </extension>
</addon>