<settings>
    <setting id="E_VERSION"      value="latest" />
    <setting id="V_config"       value="/storage/.kodi/userdata/addon_data/docker.josh5.unmanic/config" />
    <setting id="V_library"      value="/storage" />
    <setting id="V_cache"        value="/storage/temp/unmanic" />
    <setting id="P_port"         value="8888" />
    <setting id="E_PARAMS"       value="" />
    <setting id="E_manual_uid"   value="false" />
    <setting id="E_PUID"         value="65534" />
    <setting id="E_PGID"         value="100" />
</settings>
