<?xml version="1.0" encoding="UTF-8" standalone="yes"?>
<addon id="script.module.peewee-migrate"
       name="peewee-migrate"
       version="1.1.6"
       provider-name="None (None)">
  <requires>
    <import addon="xbmc.python"
            version="3.0.0"/>
    <import addon="script.module.cached-property" version="1.5.2" />
    <import addon="script.module.click" version="8.0.0" />
    <import addon="script.module.mock" version="4.0.3" />
    <import addon="script.module.peewee" version="3.14.4" />
  </requires>
  <extension point="xbmc.python.module"
             library="lib"/>
  <extension point="xbmc.addon.metadata">
    <summary lang="en_GB">Simple migration engine for Peewee</summary>
    <description lang="en_GB">Simple migration engine for Peewee</description>
    <license>MIT</license>
    <platform>all</platform>
    <website>https://pypi.org/project/peewee-migrate/</website>
	  <source>https://pypi.org/project/peewee-migrate/</source>
    <assets>
      <icon>icon.png</icon>
    </assets>
  </extension>
</addon>