<?xml version="1.0" encoding="UTF-8" standalone="yes"?>
<addon id="script.module.peewee"
       name="peewee"
       version="3.14.4"
       provider-name="Charles Leifer (coleifer@gmail.com)">
  <requires>
    <import addon="xbmc.python"
            version="3.0.0"/>
  </requires>
  <extension point="xbmc.python.module"
             library="lib"/>
  <extension point="xbmc.addon.metadata">
    <summary lang="en_GB">a little orm</summary>
    <description lang="en_GB">a little orm</description>
    <license>MIT License</license>
    <platform>all</platform>
    <website>https://pypi.org/project/peewee/</website>
	  <source>https://pypi.org/project/peewee/</source>
    <assets>
      <icon>icon.png</icon>
    </assets>
  </extension>
</addon>