<?xml version="1.0" encoding="UTF-8" standalone="yes"?>
<addon id="service.mergerfs"
       name="MergerFS - Drive Pool"
       version="1.0.0"
       provider-name="Josh.5">
  <requires>
    <import addon="os.libreelec.tv" version="9.1"/>
    <import addon="xbmc.python" version="2.1.0"/>

  </requires>
  <extension point="xbmc.service" library="default.py">
    <provides></provides>
  </extension>
  <extension point="xbmc.addon.metadata">
    <summary>MerferFS service for merging all mounts</summary>
    <description>
MerferFS service for merging all mounts under /var/media/* into a single mountpoint located at /storage/pool/
    </description>
    <disclaimer>

    </disclaimer>
    <platform>all</platform>
    <news>
100
- Initial Release
    </news>
    <assets>
      <icon>icon.png</icon>
      <fanart>fanart.png</fanart>

    </assets>
  </extension>
</addon>
