<?xml version="1.0" encoding="UTF-8" standalone="yes"?>
<addon id="script.module.py-cpuinfo"
       name="py-cpuinfo"
       version="8.0.0"
       provider-name="Matthew Brennan Jones (matthew.brennan.jones@gmail.com)">
  <requires>
    <import addon="xbmc.python"
            version="3.0.0"/>
  </requires>
  <extension point="xbmc.python.module"
             library="lib"/>
  <extension point="xbmc.addon.metadata">
    <summary lang="en_GB">Get CPU info with pure Python 2 3</summary>
    <description lang="en_GB">Get CPU info with pure Python 2 3</description>
    <license>MIT</license>
    <platform>all</platform>
    <website>https://pypi.org/project/py-cpuinfo/</website>
	  <source>https://pypi.org/project/py-cpuinfo/</source>
    <assets>
      <icon>icon.png</icon>
    </assets>
  </extension>
</addon>